f1,f2,f3,f4,f5,target
0.4347,0.9390,0.6048,0.8457,0.5223,1
0.1025,0.2356,0.8751,0.0417,0.6634,0
0.4459,0.1354,0.5641,0.3073,0.8398,0
0.5252,0.3864,0.3484,0.4743,0.5597,1
0.8563,0.4579,0.2977,0.4447,0.9521,1
0.2335,0.7931,0.1576,0.6930,0.1495,1
0.1434,0.1026,0.3803,0.9203,0.8251,0
0.7402,0.5353,0.7968,0.6050,0.8506,1
0.4087,0.9666,0.9034,0.6233,0.5722,0
0.2051,0.1398,0.7526,0.7995,0.1998,0
0.4815,0.5884,0.2442,0.0389,0.5235,0
0.5181,0.4271,0.7217,0.3409,0.9613,0
0.1396,0.2748,0.9362,0.9047,0.7877,1
0.7099,0.4322,0.3732,0.0857,0.4162,0
0.0753,0.0816,0.6293,0.6621,0.3531,0
0.7042,0.9024,0.1944,0.4921,0.1191,1
0.1624,0.0689,0.3541,0.7847,0.5192,0
0.3382,0.1306,0.8927,0.3248,0.7041,0
0.8035,0.9832,0.8037,0.6271,0.8536,1
0.2161,0.2576,0.6076,0.0720,0.8911,0
0.3175,0.2212,0.0348,0.5934,0.5355,0
0.6431,0.5115,0.1037,0.7190,0.3484,1
0.1214,0.9137,0.9638,0.4659,0.2453,0
0.5265,0.4479,0.7358,0.5352,0.7575,1
0.1420,0.6614,0.1455,0.5296,0.2305,0
0.3617,0.8608,0.3146,0.3670,0.6970,1
0.1036,0.7253,0.0209,0.5293,0.8905,1
0.2439,0.4847,0.2570,0.3399,0.9277,0
0.0795,0.9357,0.2552,0.0719,0.3181,0
0.7865,0.1470,0.5155,0.3478,0.6447,0
0.0541,0.2743,0.6323,0.4000,0.8546,0
0.2856,0.8413,0.2955,0.9169,0.9564,1
0.6490,0.8495,0.0654,0.7187,0.0361,1
0.4607,0.2947,0.5326,0.1696,0.0159,0
0.4139,0.0607,0.0351,0.7938,0.2674,1
0.4391,0.6261,0.3508,0.6057,0.3448,1
0.1491,0.9276,0.6460,0.6002,0.0392,0
0.8098,0.0458,0.9743,0.1014,0.7091,0
0.5005,0.5481,0.4903,0.5776,0.2507,1
0.6072,0.5503,0.3989,0.7487,0.7960,1
0.8877,0.1119,0.7901,0.3629,0.7217,1
0.5396,0.9684,0.2526,0.2913,0.6144,1
0.0017,0.3977,0.0716,0.6018,0.7984,0
0.1833,0.9604,0.9750,0.0887,0.0339,0
0.3166,0.2353,0.5930,0.8934,0.5390,0
0.8985,0.8473,0.6248,0.7785,0.3225,1
0.4732,0.5585,0.1739,0.3493,0.4904,0
0.5910,0.1929,0.3331,0.4639,0.0047,1
0.5029,0.1782,0.2095,0.1046,0.3723,0
0.5512,0.7024,0.6825,0.7913,0.0927,1
0.8743,0.0985,0.3650,0.3736,0.0180,0
0.2450,0.7018,0.6145,0.8550,0.7137,1
0.6339,0.4654,0.8374,0.2480,0.2474,0
0.0665,0.5539,0.3944,0.0746,0.8114,0
0.8856,0.8998,0.7650,0.5684,0.5830,1
0.2047,0.2695,0.3789,0.3069,0.3174,0
0.7597,0.6077,0.8061,0.3113,0.0252,1
0.9538,0.5428,0.6946,0.7037,0.8334,1
0.0752,0.1993,0.1427,0.8458,0.3367,1
0.1538,0.0781,0.6728,0.0001,0.7949,0
0.7334,0.4367,0.8094,0.6032,0.2712,1
0.4770,0.5988,0.5172,0.6032,0.5063,1
0.1401,0.6364,0.5327,0.1349,0.0759,0
0.8665,0.4223,0.8067,0.7223,0.7252,1
0.3289,0.3644,0.7622,0.5672,0.4745,1
0.7158,0.4548,0.9081,0.8278,0.7657,1
0.2133,0.4088,0.6603,0.1462,0.1261,0
0.2206,0.3385,0.3223,0.7593,0.6696,1
0.7579,0.0314,0.0167,0.7957,0.2205,1
0.8078,0.0815,0.4717,0.8997,0.1405,1
0.9305,0.7580,0.0791,0.4124,0.4724,1
0.9448,0.6714,0.4646,0.2443,0.4689,1
0.0115,0.4080,0.8121,0.9032,0.8064,0
0.3260,0.0437,0.8869,0.8395,0.7801,1
0.0978,0.4976,0.2477,0.8538,0.8135,1
0.6170,0.5392,0.9755,0.6423,0.6047,1
0.1737,0.2476,0.7330,0.3742,0.4254,0
0.4483,0.5903,0.8328,0.0771,0.4251,0
0.6145,0.4902,0.5976,0.3450,0.4673,0
0.8921,0.9631,0.3996,0.6472,0.7994,1
0.6583,0.1313,0.0064,0.5595,0.0284,1
0.6003,0.1183,0.8652,0.4072,0.9797,0
0.6709,0.2894,0.2732,0.6815,0.1031,1
0.2831,0.5984,0.7690,0.9221,0.2864,1
0.7547,0.4755,0.0741,0.6895,0.2107,1
0.2459,0.1817,0.9173,0.3857,0.3580,0
0.1999,0.5346,0.7816,0.6663,0.3430,0
0.0234,0.5112,0.8952,0.1736,0.5266,0
0.3066,0.8331,0.0290,0.5920,0.6765,1
0.1983,0.7822,0.8799,0.0719,0.5270,0
0.8258,0.1380,0.5865,0.3797,0.8443,0
0.0910,0.3306,0.6306,0.2661,0.1046,0
0.9770,0.0117,0.8181,0.0420,0.1362,0
0.2131,0.4063,0.6199,0.4948,0.7137,0
0.2100,0.9558,0.3853,0.2209,0.8594,0
0.5969,0.1399,0.6017,0.2874,0.7598,0
0.4240,0.9213,0.6820,0.0942,0.8829,0
0.3273,0.5207,0.0826,0.0592,0.8238,0
0.4459,0.8563,0.9741,0.7751,0.0113,1
0.6602,0.8278,0.7557,0.3166,0.2228,0
0.7879,0.8712,0.6107,0.2648,0.2082,1
0.2355,0.1215,0.0475,0.3249,0.3798,0
0.0530,0.2807,0.0415,0.9619,0.0871,1
0.4107,0.8444,0.1868,0.1374,0.1739,0
0.4484,0.0160,0.4664,0.5537,0.7094,0
0.2636,0.3324,0.3484,0.0565,0.6838,0
0.7474,0.1670,0.6108,0.0911,0.7468,0
0.5310,0.9200,0.3606,0.0726,0.5193,0
0.4092,0.1309,0.6957,0.2763,0.9434,0
0.4854,0.3338,0.8593,0.1974,0.1252,0
0.2299,0.3632,0.3962,0.4920,0.1203,0
0.7760,0.0356,0.4595,0.8334,0.7996,1
0.1772,0.3893,0.8907,0.1369,0.1890,0
0.1024,0.1679,0.1281,0.6679,0.3830,0
0.3232,0.8229,0.1479,0.7084,0.4923,1
0.2647,0.7234,0.9928,0.5819,0.6139,0
0.2068,0.1003,0.5055,0.5003,0.5059,0
0.0750,0.5885,0.3777,0.5713,0.2512,0
0.9563,0.6017,0.3875,0.6896,0.8496,1
0.9734,0.3941,0.1533,0.9063,0.3056,1
0.7259,0.1409,0.5745,0.4382,0.9943,1
0.5349,0.8337,0.7996,0.9472,0.8807,1
0.8034,0.2858,0.6769,0.3578,0.2740,0
0.5263,0.7475,0.6856,0.0021,0.7290,0
0.8974,0.6409,0.1107,0.0570,0.0035,0
0.0311,0.9954,0.8793,0.7244,0.7470,1
0.2553,0.5617,0.7813,0.9398,0.9179,1
0.9505,0.2757,0.9203,0.6345,0.4046,1
0.9197,0.8222,0.0917,0.0322,0.9805,1
0.2211,0.9402,0.5159,0.8863,0.6865,1
0.6477,0.2344,0.2324,0.1733,0.8708,0
0.1413,0.0188,0.7403,0.7057,0.3636,0
0.1750,0.3125,0.6662,0.1091,0.4847,0
0.6926,0.1957,0.8114,0.3208,0.7722,0
0.9291,0.6395,0.1812,0.6896,0.5238,1
0.9789,0.3287,0.9228,0.7487,0.5101,1
0.6586,0.5263,0.9259,0.7968,0.4919,1
0.2090,0.1966,0.3144,0.0637,0.4448,0
0.0939,0.6859,0.7822,0.1262,0.1190,0
0.2620,0.5944,0.5303,0.3372,0.0886,0
0.5797,0.5419,0.1229,0.8550,0.7869,1
0.3512,0.5319,0.2677,0.2483,0.3554,0
0.6792,0.2960,0.3739,0.8851,0.5645,1
0.0266,0.2276,0.9021,0.1929,0.0455,0
0.0093,0.6157,0.4798,0.9071,0.8711,1
0.0522,0.2335,0.3029,0.4008,0.7393,0
0.2399,0.1750,0.8468,0.9758,0.6465,1
0.5630,0.9274,0.8771,0.3259,0.2906,0
0.9671,0.4784,0.6288,0.4943,0.6310,1
0.3976,0.3814,0.6623,0.7160,0.7800,1
0.5153,0.9297,0.7638,0.8595,0.8876,1
0.8959,0.1137,0.4957,0.8355,0.5752,1
0.1608,0.3243,0.7075,0.9662,0.8337,1
0.1838,0.3044,0.7675,0.8137,0.5527,0
0.6623,0.4780,0.4060,0.3076,0.6043,0
0.1832,0.3065,0.3772,0.2290,0.1303,0
0.6431,0.8107,0.0398,0.4333,0.0197,1
0.7163,0.8963,0.0643,0.8264,0.7088,1
0.8252,0.7455,0.8600,0.7636,0.1705,1
0.8709,0.1625,0.7477,0.6386,0.6784,1
0.8698,0.0760,0.8562,0.2746,0.9070,0
0.5434,0.0555,0.6465,0.0508,0.4451,0
0.3842,0.1430,0.9768,0.4070,0.8056,0
0.7880,0.1320,0.7220,0.7648,0.5006,1
0.7972,0.8227,0.9278,0.8411,0.3849,1
0.1065,0.3032,0.3041,0.3245,0.0090,0
0.0026,0.6222,0.5028,0.6381,0.8034,0
0.2395,0.2819,0.9313,0.9371,0.8866,1
0.9348,0.3233,0.6452,0.3151,0.9923,1
0.7378,0.7879,0.3337,0.0164,0.7939,1
0.1081,0.4739,0.4926,0.3586,0.7321,0
0.0978,0.8597,0.0306,0.8392,0.8288,1
0.5954,0.2858,0.5555,0.3450,0.0024,0
0.8485,0.5844,0.0733,0.1678,0.3122,1
0.7685,0.9971,0.4506,0.0289,0.2313,0
0.5816,0.7924,0.6717,0.3514,0.2157,1
0.8483,0.0739,0.4067,0.4813,0.9838,1
0.7985,0.5617,0.6749,0.7353,0.1224,1
0.1173,0.4113,0.0124,0.6201,0.7747,1
0.8601,0.0146,0.7172,0.0865,0.3190,0
0.1033,0.7839,0.3092,0.8497,0.4571,1
0.1622,0.5421,0.1327,0.0457,0.9622,0
0.6236,0.9679,0.5905,0.1653,0.4210,0
0.9665,0.0941,0.6864,0.2567,0.0860,0
0.2206,0.3261,0.1646,0.6161,0.3644,0
0.8566,0.7071,0.7272,0.3166,0.9803,1
0.1939,0.8590,0.3396,0.7255,0.7549,1
0.6591,0.9249,0.7552,0.2638,0.5046,0
0.2880,0.9547,0.1544,0.2184,0.8689,0
0.5892,0.5429,0.7979,0.5026,0.9788,1
0.5056,0.7573,0.0192,0.1653,0.0422,1
0.8433,0.4488,0.3196,0.4569,0.8159,1
0.7372,0.6631,0.9876,0.4758,0.2660,1
0.5782,0.9856,0.4580,0.7630,0.9623,1
0.2105,0.5208,0.3602,0.1743,0.0824,0
0.1987,0.6422,0.3307,0.0252,0.2985,0
0.1776,0.9864,0.6512,0.9106,0.4196,1
0.1228,0.7137,0.9109,0.3751,0.8572,0
0.8602,0.5200,0.0818,0.6052,0.5219,1
0.3591,0.7316,0.5708,0.8382,0.6462,1
0.7822,0.2471,0.0060,0.3315,0.5059,1
0.3218,0.1921,0.1018,0.1480,0.3667,0
0.4634,0.2120,0.0385,0.4139,0.9023,0
0.0710,0.2671,0.9987,0.8921,0.5960,0
0.4839,0.4535,0.9982,0.9954,0.0361,0
0.0344,0.2852,0.5219,0.5128,0.1088,0
0.7475,0.2840,0.6763,0.7437,0.0720,1
0.3548,0.3506,0.8599,0.1832,0.1085,0
0.5748,0.8674,0.7193,0.1490,0.9465,1
0.8504,0.0795,0.5267,0.7263,0.3722,1
0.0298,0.4761,0.5049,0.0093,0.2428,0
0.1260,0.8636,0.9120,0.4574,0.7358,0
0.0817,0.3209,0.7216,0.2207,0.8707,0
0.8877,0.1097,0.2828,0.4370,0.8078,1
0.3588,0.1310,0.5149,0.3917,0.7428,0
0.1744,0.9779,0.0585,0.3621,0.3116,1
0.6118,0.5042,0.2980,0.8898,0.6039,1
0.0774,0.4586,0.5146,0.6128,0.0308,0
0.1458,0.3530,0.5147,0.2267,0.0077,0
0.2850,0.7185,0.6816,0.6277,0.9774,0
0.9735,0.2206,0.6175,0.2020,0.8129,0
0.5074,0.6341,0.8028,0.7909,0.5980,1
0.4307,0.9769,0.9875,0.8177,0.7619,1
0.5328,0.9242,0.7325,0.8450,0.5600,1
0.0326,0.6997,0.6143,0.5189,0.9602,1
0.3639,0.8177,0.2423,0.9003,0.1685,1
0.6930,0.9609,0.4725,0.7139,0.0599,1
0.9141,0.5530,0.7600,0.1030,0.9939,1
0.3137,0.6645,0.0472,0.2584,0.7633,1
0.2168,0.5612,0.9853,0.0519,0.0542,0
0.1463,0.4053,0.5255,0.0351,0.3617,0
0.2258,0.3907,0.6334,0.4038,0.8376,0
0.3213,0.4154,0.0546,0.8447,0.0620,1
0.3894,0.5342,0.6214,0.9862,0.1957,1
0.2821,0.9345,0.4966,0.2364,0.9882,0
0.3693,0.7189,0.1130,0.8980,0.3452,1
0.1196,0.1506,0.0494,0.4038,0.2983,0
0.2095,0.4746,0.3049,0.1471,0.6493,0
0.6490,0.3192,0.1752,0.3114,0.3006,0
0.9955,0.3193,0.3919,0.7955,0.6205,1
0.3055,0.9693,0.6363,0.2456,0.7341,1
0.2094,0.1550,0.4884,0.6656,0.5045,1
0.2860,0.8643,0.0979,0.2437,0.3388,0
0.7069,0.6827,0.1615,0.7722,0.1396,1
0.1045,0.9889,0.2854,0.5856,0.8719,1
0.8609,0.9263,0.6098,0.8682,0.9686,1
0.0770,0.0877,0.6871,0.6208,0.9712,0
0.2077,0.3204,0.8100,0.8856,0.7819,0
0.6900,0.8948,0.0268,0.3411,0.8650,1
0.7872,0.9025,0.2661,0.4933,0.4862,1
0.5268,0.8110,0.5419,0.1689,0.5728,0
0.7664,0.6025,0.5108,0.0558,0.9159,0
0.3944,0.0610,0.8672,0.8553,0.1988,1
0.2762,0.0416,0.7344,0.0674,0.2311,0
0.2672,0.6258,0.7780,0.1975,0.9236,0
0.4129,0.8263,0.8945,0.9291,0.4039,1
0.5625,0.1346,0.6926,0.5135,0.6850,1
0.6319,0.4154,0.2223,0.5250,0.7938,1
0.3015,0.5533,0.2014,0.1362,0.5216,0
0.1867,0.9765,0.9638,0.2384,0.3096,0
0.1678,0.2925,0.2982,0.7861,0.1295,1
0.1636,0.9777,0.3124,0.9141,0.3572,1
0.7497,0.1546,0.4728,0.3297,0.9541,1
0.7184,0.8932,0.3189,0.1906,0.6842,0
0.1843,0.5772,0.7785,0.8467,0.5895,1
0.6082,0.2862,0.8178,0.0954,0.3044,0
0.8028,0.8895,0.4748,0.3913,0.8556,1
0.8350,0.9348,0.4573,0.7638,0.5141,1
0.8506,0.1297,0.4150,0.3009,0.7506,1
0.1544,0.9735,0.5463,0.0050,0.3315,0
0.2027,0.6097,0.1502,0.0970,0.1873,0
0.9886,0.6173,0.8861,0.5545,0.1470,1
0.3520,0.7740,0.5315,0.7437,0.6357,1
0.5338,0.2356,0.4266,0.9507,0.5788,1
0.6784,0.8050,0.7356,0.0615,0.8300,0
0.6998,0.0180,0.3161,0.8391,0.7851,1
0.7684,0.9819,0.0855,0.1830,0.5710,1
0.7457,0.2660,0.0327,0.0346,0.0929,1
0.2756,0.1965,0.0251,0.8150,0.3897,1
0.5495,0.3631,0.9128,0.7534,0.9284,1
0.1367,0.7332,0.5564,0.1491,0.6249,0
0.8387,0.5750,0.7519,0.0742,0.8764,0
0.8879,0.2631,0.4174,0.8602,0.6511,1
0.5938,0.8422,0.3483,0.9278,0.7848,1
0.5508,0.8172,0.6924,0.3279,0.6267,0
0.4140,0.2893,0.2771,0.4519,0.9354,1
0.7155,0.6423,0.5443,0.5644,0.8956,1
0.0807,0.5649,0.7492,0.8811,0.2761,1
0.6960,0.8754,0.4649,0.7764,0.4764,1
0.5918,0.3448,0.4923,0.7449,0.5670,1
0.8366,0.9028,0.6493,0.8553,0.3408,1
0.9218,0.1380,0.4268,0.7513,0.8904,1
0.1304,0.0445,0.7018,0.1057,0.4310,0
0.7726,0.5499,0.9385,0.1459,0.8974,0
0.5872,0.8287,0.1314,0.2604,0.0413,0
0.9172,0.7808,0.0643,0.2736,0.1470,1
0.4001,0.9644,0.7312,0.4400,0.3261,1
0.2039,0.4350,0.2100,0.2155,0.4084,0
0.9757,0.4636,0.6198,0.3972,0.8015,1
0.2178,0.8603,0.7661,0.6146,0.9803,0
0.5245,0.4370,0.9830,0.3339,0.9012,0
0.3216,0.4899,0.8437,0.9032,0.0717,1
0.7774,0.0231,0.7793,0.7382,0.1649,0
0.3694,0.5357,0.8727,0.4695,0.7658,0
0.2845,0.4903,0.8878,0.5176,0.5657,0
0.3718,0.5381,0.2538,0.7316,0.1529,1
0.9606,0.3955,0.9988,0.3354,0.8723,0
0.9626,0.7287,0.8929,0.5921,0.9999,1
0.4186,0.8234,0.7544,0.4386,0.0493,0
0.8732,0.1670,0.4592,0.5950,0.8710,1
0.8942,0.3262,0.3670,0.8590,0.7210,1
0.1928,0.6476,0.6286,0.0660,0.9648,0
0.7500,0.9688,0.4227,0.8617,0.2651,1
0.6962,0.2008,0.5560,0.9469,0.1147,1
0.7507,0.8996,0.8657,0.7276,0.0128,1
0.5523,0.3211,0.0198,0.9743,0.1351,1
0.7622,0.9245,0.3196,0.2707,0.1236,1
0.3160,0.1100,0.5200,0.0495,0.4390,0
0.5470,0.6079,0.1377,0.8308,0.8821,1
0.0413,0.9656,0.5968,0.2573,0.5879,0
0.7819,0.8770,0.0072,0.8360,0.2058,1
0.4571,0.5484,0.0101,0.3137,0.8036,1
0.4584,0.7518,0.2730,0.3382,0.1684,0
0.9702,0.9370,0.7743,0.1804,0.8324,1
0.1209,0.0550,0.8504,0.0356,0.8105,0
0.9925,0.2410,0.6535,0.2049,0.3100,0
0.9793,0.8526,0.3293,0.6993,0.8644,1
0.4528,0.7324,0.5766,0.1460,0.2026,0
0.1916,0.7892,0.3094,0.5255,0.8156,0
0.7238,0.8425,0.2963,0.1188,0.3356,0
0.0885,0.0639,0.0654,0.6398,0.5103,0
0.4108,0.6397,0.4864,0.8125,0.9980,1
0.0897,0.4325,0.8135,0.1890,0.0087,0
0.8172,0.8641,0.1225,0.0286,0.9849,1
0.6789,0.0652,0.8174,0.2999,0.4990,0
0.6990,0.7018,0.3935,0.0426,0.7867,1
0.7322,0.2487,0.9833,0.8834,0.6324,1
0.3573,0.0514,0.1227,0.7757,0.1881,1
0.6448,0.3850,0.7686,0.3951,0.1406,0
0.0157,0.3202,0.1485,0.2941,0.4642,0
0.3467,0.6278,0.0795,0.8869,0.4455,1
0.3155,0.5376,0.1242,0.8767,0.8140,1
0.8275,0.9219,0.9361,0.4603,0.9378,1
0.6823,0.8312,0.7812,0.2412,0.8628,0
0.0538,0.4428,0.7115,0.0923,0.8782,0
0.9280,0.2096,0.8709,0.0645,0.9406,0
0.2322,0.5175,0.6739,0.4974,0.7636,0
0.1713,0.5253,0.6708,0.2912,0.7789,0
0.1416,0.6635,0.8772,0.4149,0.3399,0
0.6076,0.5841,0.0366,0.6620,0.0109,1
0.9448,0.5096,0.1461,0.2735,0.7963,1
0.5909,0.6796,0.2321,0.5689,0.5979,1
0.8453,0.5593,0.8406,0.4621,0.2346,1
0.9784,0.9686,0.5696,0.4641,0.6819,1
0.9235,0.8726,0.3049,0.4682,0.8951,1
0.8203,0.9497,0.9506,0.3920,0.8869,1
0.0098,0.8259,0.3358,0.9169,0.2570,1
0.6966,0.2053,0.0864,0.1671,0.9210,1
0.9215,0.6213,0.8851,0.4877,0.0336,1
0.0663,0.3099,0.8142,0.6342,0.8695,0
0.8680,0.8301,0.9056,0.9422,0.9526,1
0.6292,0.6949,0.4238,0.2177,0.0083,0
0.7944,0.0228,0.2053,0.4809,0.5846,1
0.5345,0.3000,0.8986,0.8239,0.7778,1
0.1370,0.8181,0.9571,0.0114,0.2195,0
0.2548,0.5943,0.5897,0.8557,0.6380,1
0.3528,0.3799,0.7210,0.1821,0.8208,0
0.5376,0.3066,0.8249,0.7956,0.3742,1
0.9346,0.1283,0.3194,0.2634,0.6304,1
0.5664,0.3808,0.6103,0.6978,0.8153,1
0.6115,0.9379,0.7181,0.7456,0.8393,1
0.2366,0.4027,0.2354,0.7615,0.9411,1
0.6990,0.4681,0.2631,0.2792,0.5057,0
0.7009,0.5598,0.8406,0.0208,0.5741,0
0.1878,0.3753,0.1295,0.5720,0.5981,1
0.8697,0.6723,0.9690,0.9564,0.4657,1
0.4755,0.3229,0.2461,0.1245,0.8984,0
0.2564,0.4661,0.4241,0.4109,0.6400,1
0.1917,0.9119,0.8499,0.0699,0.8706,0
0.2782,0.3237,0.3625,0.3409,0.7679,0
0.7226,0.1391,0.9838,0.6182,0.2983,0
0.7179,0.1323,0.9082,0.4685,0.8407,1
0.6549,0.2609,0.3147,0.9365,0.4151,1
0.6016,0.4152,0.2580,0.9447,0.1737,1
0.3254,0.5476,0.6827,0.6818,0.3225,0
0.5452,0.5010,0.3639,0.0283,0.8103,0
0.9936,0.2593,0.3568,0.0750,0.9010,0
0.5856,0.9543,0.4977,0.4463,0.1651,0
0.8837,0.9148,0.3180,0.4942,0.0336,1
0.6281,0.7447,0.4966,0.1935,0.3192,0
0.7806,0.8828,0.9143,0.4441,0.8532,1
0.3444,0.7551,0.7442,0.0569,0.2603,0
0.4218,0.2913,0.4131,0.3073,0.0077,0
0.7307,0.0636,0.4522,0.6186,0.0695,1
0.5955,0.8922,0.8947,0.2730,0.3532,0
0.2892,0.1113,0.6711,0.7174,0.0317,0
0.6140,0.8184,0.4862,0.4191,0.2056,1
0.0610,0.4673,0.1433,0.4904,0.1842,0
0.8662,0.1870,0.2046,0.6042,0.2253,1
0.8981,0.1011,0.8067,0.5196,0.5988,1
0.7978,0.2473,0.9177,0.1539,0.2544,0
0.9010,0.5115,0.9026,0.7248,0.8517,1
0.9682,0.2134,0.3871,0.0527,0.0844,0
0.1302,0.4681,0.2496,0.5759,0.3255,0
0.6970,0.4667,0.2158,0.8419,0.6921,1
0.7458,0.9295,0.4454,0.3247,0.8733,1
0.7224,0.2263,0.8054,0.6269,0.8204,1
0.9767,0.4130,0.4268,0.5746,0.5507,1
0.5798,0.3007,0.7491,0.1115,0.4451,0
0.2641,0.1159,0.6180,0.6584,0.1421,0
0.0599,0.2929,0.9603,0.7763,0.8336,0
0.0729,0.0729,0.8880,0.9109,0.3257,0
0.4225,0.3322,0.0256,0.9469,0.8834,1
0.2059,0.3781,0.8877,0.6551,0.6363,0
0.2295,0.0301,0.7865,0.8825,0.3226,1
0.7371,0.1202,0.1542,0.5284,0.8789,1
0.7006,0.2935,0.7352,0.1263,0.9638,0
0.5665,0.7591,0.7307,0.7847,0.4653,1
0.2530,0.4990,0.8137,0.0207,0.1422,0
0.0179,0.6886,0.0836,0.6005,0.9401,1
0.7070,0.9267,0.5261,0.1648,0.2882,0
0.4628,0.0675,0.0750,0.0993,0.5470,0
0.4249,0.9910,0.2788,0.4497,0.9538,1
0.3574,0.4851,0.2113,0.8302,0.6738,1
0.7107,0.5501,0.2690,0.3353,0.9616,1
0.9798,0.8421,0.9359,0.6555,0.5391,1
0.7438,0.0230,0.7811,0.1598,0.1317,0
0.2957,0.4905,0.6163,0.1293,0.1744,0
0.3482,0.6181,0.6835,0.9123,0.6018,1
0.8897,0.2918,0.7218,0.9639,0.8171,1
0.3126,0.0721,0.0492,0.2334,0.1765,0
0.2187,0.9430,0.7044,0.2708,0.7427,0
0.2564,0.3288,0.0610,0.7524,0.0782,1
0.5020,0.2326,0.9424,0.3002,0.7292,0
0.3069,0.3714,0.9587,0.1340,0.9025,0
0.9882,0.6157,0.5911,0.1845,0.4218,1
0.3157,0.0333,0.4837,0.7074,0.9742,1
0.0358,0.7031,0.9731,0.9144,0.7661,0
0.3545,0.5913,0.4812,0.9228,0.1386,1
0.4848,0.0284,0.7203,0.7054,0.4403,0
0.6138,0.1770,0.5959,0.7531,0.8493,1
0.9588,0.4914,0.1184,0.9390,0.5748,1
0.3696,0.0601,0.3508,0.5433,0.0189,0
0.7962,0.5102,0.3101,0.1216,0.6600,1
0.2060,0.8867,0.6384,0.0755,0.6631,0
0.9425,0.7462,0.8293,0.0618,0.0957,0
0.8048,0.2668,0.4675,0.8409,0.8882,1
0.9442,0.0984,0.5723,0.3456,0.3298,1
0.6941,0.1854,0.1143,0.5868,0.8453,1
0.2738,0.8162,0.2831,0.9990,0.2388,1
0.7421,0.8057,0.0150,0.5265,0.8255,1
0.7962,0.7677,0.6937,0.8175,0.2940,1
0.7884,0.1888,0.8498,0.3649,0.2867,0
0.4186,0.9211,0.7050,0.6088,0.6140,1
0.1807,0.7602,0.8811,0.1484,0.4610,0
0.3161,0.3200,0.7563,0.0677,0.5480,0
0.9306,0.9601,0.7443,0.3320,0.3231,1
0.3463,0.9105,0.8764,0.1035,0.3939,0
0.1916,0.6496,0.3404,0.7451,0.4151,1
0.7956,0.8641,0.1261,0.9228,0.6576,1
0.2760,0.9762,0.8927,0.8843,0.7749,1
0.1876,0.5092,0.4962,0.6712,0.6746,0
0.2145,0.3124,0.4242,0.7794,0.6014,1
0.9441,0.7715,0.2244,0.0495,0.4296,1
0.2506,0.0620,0.2866,0.7057,0.1738,1
0.4024,0.8985,0.7746,0.6061,0.6358,1
0.4793,0.7927,0.6756,0.8324,0.8055,1
0.1132,0.6156,0.1286,0.2329,0.6234,0
0.8063,0.3334,0.3373,0.0181,0.4831,0
0.6863,0.2256,0.8280,0.7775,0.9406,1
0.2533,0.8502,0.5645,0.2781,0.7902,0
0.5450,0.4705,0.6840,0.1497,0.1525,0
0.4908,0.8025,0.7081,0.8693,0.4350,1
0.1271,0.8315,0.1011,0.9010,0.7768,1
0.2580,0.2108,0.4233,0.3959,0.0694,0
0.6432,0.1060,0.7473,0.5267,0.1828,0
0.0331,0.9291,0.7042,0.2660,0.6430,0
0.5181,0.9555,0.5023,0.5963,0.8844,1
0.2787,0.8145,0.4857,0.8134,0.5081,1
0.7304,0.3891,0.8354,0.4682,0.7223,1
0.0510,0.5134,0.9281,0.5232,0.8103,0
0.5335,0.3090,0.7019,0.1052,0.6306,0
0.9750,0.6229,0.9424,0.6874,0.2467,1
0.2964,0.7614,0.6535,0.3981,0.4551,0
0.9258,0.1889,0.2386,0.4973,0.7967,1
0.4737,0.4722,0.0554,0.6558,0.5698,1
0.2958,0.1821,0.6644,0.4300,0.1896,0
0.3027,0.0575,0.0835,0.7800,0.2391,1
0.2857,0.7948,0.9560,0.1263,0.1584,0
0.7972,0.6370,0.8400,0.6721,0.9915,1
0.7207,0.2587,0.5401,0.4209,0.0623,0
0.9586,0.3126,0.7015,0.9220,0.2253,1
0.4242,0.8081,0.8433,0.5626,0.3743,1
0.7956,0.1634,0.0856,0.2868,0.3133,0
0.8959,0.0661,0.7145,0.4487,0.3086,0
0.6345,0.2595,0.7167,0.8974,0.2969,1
0.4014,0.7665,0.9344,0.5357,0.5143,1
0.7004,0.4617,0.5782,0.2249,0.9493,0
0.4330,0.5224,0.6625,0.9447,0.6257,1
0.1013,0.8573,0.4656,0.1988,0.2999,0
0.8862,0.8683,0.8630,0.5775,0.7737,1
0.1096,0.9797,0.7701,0.7059,0.6105,1
0.8813,0.3935,0.6004,0.2440,0.7745,1
0.4286,0.1902,0.1075,0.7352,0.8996,1
0.7484,0.0490,0.7465,0.1539,0.7988,0
0.9281,0.8742,0.1681,0.4266,0.6941,1
0.5488,0.4266,0.0360,0.9447,0.1415,1
0.6392,0.2273,0.3568,0.3863,0.6829,1
0.7576,0.7945,0.7106,0.2815,0.7821,1
0.1774,0.4342,0.3206,0.6660,0.2084,1
0.5658,0.0069,0.0029,0.1761,0.7390,1
0.7668,0.2086,0.0792,0.0018,0.7556,1
0.8969,0.4061,0.1434,0.1385,0.4753,1
0.9117,0.7009,0.4096,0.6820,0.7780,1
0.1606,0.3741,0.7930,0.6021,0.3985,0
0.8513,0.0250,0.1064,0.2230,0.9031,1
0.0064,0.9910,0.2499,0.2498,0.7936,0
0.3568,0.8612,0.2594,0.6834,0.0242,1
0.4936,0.9272,0.3743,0.4390,0.1955,0
0.4744,0.5503,0.0146,0.3304,0.2940,1
0.2555,0.6762,0.9245,0.9493,0.8137,1
0.9960,0.0959,0.1191,0.3335,0.3949,1
0.7229,0.0244,0.2493,0.1125,0.4230,0
0.4364,0.4018,0.3146,0.0438,0.0478,0
0.9866,0.7909,0.5014,0.1413,0.6767,1
0.6925,0.5462,0.2206,0.8882,0.1642,1
0.0844,0.9007,0.5501,0.7913,0.9922,1
0.6304,0.4253,0.8934,0.0519,0.6821,0
0.0751,0.9102,0.8213,0.9880,0.0650,0
0.5026,0.4119,0.1467,0.5754,0.0034,1
0.3008,0.6281,0.6709,0.4531,0.4160,0
0.6366,0.3864,0.8352,0.3971,0.5773,1
0.9882,0.0872,0.5299,0.1802,0.9380,0
0.0015,0.5782,0.7759,0.6041,0.0923,0
0.9703,0.7617,0.8152,0.0810,0.1933,0
0.5650,0.7559,0.7992,0.1473,0.9164,0
0.7334,0.7013,0.4022,0.4897,0.2356,1
0.1794,0.4376,0.8113,0.0999,0.4853,0
0.0412,0.7141,0.1133,0.2701,0.5686,0
0.7626,0.6935,0.6792,0.4484,0.8557,1
0.7171,0.8545,0.4418,0.0130,0.2705,0
0.0047,0.1733,0.8421,0.4100,0.2005,0
0.7547,0.5562,0.3167,0.6880,0.6388,1
0.4521,0.3893,0.8275,0.3658,0.1361,0
0.8106,0.5981,0.1282,0.2901,0.1534,1
0.7649,0.8268,0.6574,0.1525,0.9316,0
0.4628,0.0132,0.7554,0.3200,0.2997,0
0.1729,0.1011,0.1314,0.9993,0.2972,1
0.8764,0.7466,0.1500,0.4291,0.4221,1
0.3164,0.3598,0.9753,0.4040,0.9619,0
0.4102,0.5108,0.0813,0.5442,0.2370,1
0.4966,0.4395,0.8394,0.4558,0.8938,0
0.6260,0.9841,0.9767,0.0355,0.2927,0
0.5861,0.0217,0.5804,0.6218,0.0137,0
0.9700,0.9272,0.6000,0.9517,0.8859,1
0.1243,0.2554,0.0720,0.7241,0.6747,1
0.3431,0.9072,0.3169,0.9745,0.5257,1
0.2799,0.8651,0.7369,0.5537,0.5885,0
0.8996,0.3524,0.7988,0.3543,0.2482,0
0.0862,0.3770,0.8240,0.7094,0.2665,0
0.8202,0.5677,0.0357,0.9288,0.1326,1
0.8406,0.4497,0.9060,0.4393,0.0241,0
0.6948,0.7208,0.8848,0.7941,0.3933,1
0.1156,0.1129,0.4540,0.0331,0.0344,0
0.5463,0.9982,0.5606,0.9114,0.8870,1
0.9963,0.4203,0.9640,0.5212,0.9058,1
0.6637,0.3783,0.8901,0.2139,0.6344,0
0.7256,0.4609,0.9777,0.9125,0.2971,1
0.3499,0.1919,0.8405,0.1617,0.8690,0
0.7742,0.0773,0.2918,0.9844,0.0767,1
0.5872,0.9880,0.7508,0.2911,0.2636,1
0.8981,0.4932,0.6659,0.0730,0.3243,0
0.6796,0.3414,0.8688,0.0235,0.0420,0
0.4153,0.3337,0.8159,0.0693,0.4055,0
0.2042,0.0086,0.0704,0.4678,0.2465,0
0.2020,0.8167,0.3989,0.4133,0.9887,0
0.2540,0.7452,0.4404,0.7154,0.5554,1
0.6116,0.3986,0.2985,0.8352,0.5563,1
0.5346,0.1863,0.0867,0.1699,0.4582,0
0.7173,0.6392,0.9512,0.2977,0.1900,0
0.1186,0.4232,0.7794,0.3300,0.4605,0
0.5617,0.8497,0.8457,0.9522,0.2945,1
0.6816,0.6944,0.9082,0.9970,0.0314,1
0.1395,0.7153,0.7496,0.7847,0.3512,0
0.6689,0.2832,0.3809,0.6340,0.4278,1
0.6468,0.0872,0.6921,0.4623,0.5045,0
0.1032,0.4704,0.5396,0.6076,0.1418,0
0.8126,0.2037,0.2471,0.3271,0.2339,1
0.1370,0.9390,0.4968,0.2218,0.6586,0
0.3227,0.8071,0.5003,0.1668,0.8279,0
0.6791,0.0674,0.7400,0.4287,0.7875,1
0.6244,0.6862,0.5658,0.7646,0.8008,1
0.5946,0.8250,0.8228,0.9569,0.8419,1
0.2585,0.6956,0.9237,0.7208,0.0817,0
0.3378,0.3132,0.7561,0.4982,0.6799,0
0.1717,0.7063,0.0626,0.1608,0.2868,0
0.4542,0.5490,0.0201,0.2743,0.8702,1
0.3314,0.4598,0.9200,0.8507,0.3591,1
0.5977,0.2460,0.3652,0.2932,0.5232,1
0.2552,0.4258,0.7947,0.5566,0.8046,1
0.0376,0.5806,0.4751,0.7667,0.4339,0
0.8140,0.6982,0.1729,0.1998,0.6690,1
0.9023,0.9029,0.1758,0.4450,0.2637,1
0.5545,0.7679,0.2011,0.1930,0.6057,1
0.4500,0.4438,0.1539,0.8360,0.3953,1
0.3933,0.4733,0.7838,0.9868,0.9205,1
0.2720,0.2224,0.5598,0.9726,0.2569,1
0.8426,0.3611,0.1848,0.8304,0.0672,1
0.8467,0.2816,0.7589,0.2497,0.9307,1
0.4559,0.1497,0.2360,0.3402,0.4301,0
0.9289,0.9885,0.7519,0.2485,0.2370,1
0.0553,0.0949,0.7899,0.1800,0.4699,0
0.1731,0.7346,0.4477,0.0317,0.6317,0
0.4692,0.5969,0.6221,0.9709,0.1224,1
0.8919,0.7706,0.7010,0.6866,0.2559,1
0.2868,0.8139,0.8806,0.2010,0.6025,0
0.8092,0.9177,0.0390,0.7491,0.0013,1
0.3989,0.9316,0.6652,0.1621,0.3799,0
0.2731,0.5355,0.3746,0.3799,0.3248,1
0.7320,0.6691,0.4137,0.0728,0.2541,0
0.7302,0.3681,0.4666,0.0864,0.4589,0
0.4593,0.1051,0.5946,0.2492,0.5240,0
0.3916,0.9006,0.0708,0.6916,0.2920,1
0.8943,0.5841,0.1573,0.3651,0.0984,1
0.1911,0.4596,0.8932,0.6993,0.5051,0
0.1849,0.5038,0.5552,0.7346,0.7213,0
0.3711,0.7067,0.1602,0.3783,0.6812,0
0.6391,0.9447,0.4993,0.0337,0.2703,0
0.8779,0.7194,0.2852,0.8624,0.9540,1
0.9535,0.5110,0.2953,0.3223,0.1378,1
0.9460,0.4813,0.9152,0.1799,0.0448,0
0.2281,0.8401,0.8265,0.3635,0.6716,0
0.6944,0.5673,0.4296,0.2142,0.8561,0
0.5732,0.0745,0.0300,0.2753,0.1171,0
0.4149,0.6187,0.3109,0.8917,0.1736,1
0.7667,0.0320,0.4950,0.5430,0.1596,1
0.9290,0.2536,0.6708,0.2683,0.4758,0
0.4074,0.8563,0.1476,0.4625,0.1612,1
0.7357,0.6866,0.4808,0.5293,0.6540,1
0.7350,0.3411,0.5047,0.1418,0.3608,1
0.6661,0.1757,0.3197,0.5248,0.4788,1
0.9222,0.9900,0.5309,0.5831,0.1544,1
0.3346,0.8750,0.1377,0.1828,0.8014,0
0.3805,0.2101,0.4189,0.1768,0.1863,0
0.2454,0.7045,0.0478,0.7149,0.2374,1
0.3635,0.2230,0.7347,0.3215,0.9869,0
0.8356,0.6732,0.4601,0.8714,0.8385,1
0.8308,0.7867,0.8746,0.6245,0.2979,1
0.8252,0.3327,0.6870,0.3480,0.3184,1
0.2699,0.7630,0.4027,0.4673,0.5597,0
0.1652,0.3116,0.0202,0.9893,0.8501,1
0.8713,0.2631,0.1126,0.8494,0.8001,1
0.9239,0.6058,0.6649,0.8397,0.4837,1
0.5441,0.1986,0.8810,0.4515,0.0952,0
0.5633,0.3681,0.4176,0.0007,0.8381,0
0.3288,0.4671,0.7124,0.0085,0.1568,0
0.2768,0.1533,0.8673,0.8297,0.2542,1
0.2039,0.4795,0.7722,0.1296,0.8677,0
0.9264,0.6769,0.2889,0.6490,0.7747,1
0.6612,0.9750,0.8327,0.7424,0.4542,1
0.1894,0.9893,0.7508,0.3154,0.3114,0
0.9896,0.5871,0.4832,0.2773,0.6513,1
0.9852,0.8170,0.1446,0.7529,0.2248,1
0.1970,0.8457,0.4340,0.9428,0.2737,1
0.8960,0.0018,0.1058,0.8627,0.2376,1
0.1418,0.8828,0.1891,0.6842,0.4506,1
0.8936,0.2673,0.3367,0.5641,0.4286,1
0.5797,0.6109,0.6804,0.1835,0.5908,0
0.3954,0.9826,0.9954,0.8235,0.8786,1
0.1905,0.0385,0.3580,0.2339,0.2380,0
0.9692,0.5005,0.9109,0.8174,0.0788,1
0.5527,0.6830,0.8923,0.8515,0.3524,1
0.7881,0.7771,0.2538,0.4134,0.5943,1
0.9771,0.2051,0.0905,0.7702,0.1525,1
0.7596,0.5803,0.0525,0.5919,0.5899,1
0.4033,0.0401,0.3980,0.8269,0.7206,1
0.2862,0.4805,0.2538,0.8228,0.3744,1
0.8965,0.4652,0.3553,0.4343,0.2787,1
0.2401,0.5982,0.6406,0.7026,0.0296,0
0.5343,0.9602,0.2863,0.9825,0.0076,1
0.1479,0.8157,0.2308,0.0736,0.5752,0
0.0806,0.0007,0.9822,0.3559,0.6754,0
0.3539,0.4444,0.9490,0.2150,0.2706,0
0.3242,0.8354,0.1881,0.0925,0.0271,0
0.2404,0.0624,0.2717,0.1294,0.1150,0
0.9958,0.5815,0.8277,0.7567,0.8901,1
0.6128,0.6333,0.2065,0.6796,0.5739,1
0.2966,0.8312,0.6281,0.9317,0.9173,1
0.9947,0.2114,0.1829,0.8158,0.2652,1
0.5503,0.6109,0.8964,0.0408,0.8519,0
0.4768,0.1683,0.8699,0.9559,0.8924,1
0.3806,0.2070,0.7675,0.4627,0.8288,0
0.2193,0.2599,0.5949,0.4819,0.6139,0
0.0363,0.7950,0.5273,0.8653,0.1032,1
0.4989,0.3996,0.5272,0.5908,0.4105,1
0.9597,0.5254,0.8674,0.8256,0.9769,1
0.0673,0.2943,0.5136,0.7776,0.0212,0
0.0337,0.1856,0.3716,0.2545,0.5395,0
0.7548,0.2503,0.8012,0.1853,0.1840,0
0.2011,0.8582,0.0754,0.3678,0.6036,0
0.1674,0.2755,0.2814,0.9515,0.3651,1
0.0167,0.3009,0.7187,0.0281,0.1122,0
0.7210,0.2849,0.8627,0.1020,0.7236,0
0.8424,0.5757,0.1405,0.9773,0.9763,1
0.6004,0.2205,0.0620,0.4821,0.5396,1
0.7197,0.6042,0.3793,0.9042,0.2349,1
0.4407,0.0926,0.5389,0.6363,0.7913,1
0.3850,0.1905,0.1551,0.6441,0.0105,0
0.4931,0.3246,0.7289,0.6599,0.7686,1
0.1120,0.1234,0.2497,0.3654,0.2487,0
0.9254,0.4648,0.9962,0.1879,0.8237,0
0.1210,0.1443,0.7034,0.9576,0.7268,0
0.4966,0.8786,0.0863,0.6307,0.6947,1
0.6186,0.8867,0.8182,0.5525,0.3173,1
0.6144,0.9884,0.1283,0.7719,0.9912,1
0.3826,0.7778,0.3263,0.7264,0.2161,1
0.9345,0.5893,0.8669,0.9036,0.9767,1
0.5878,0.6411,0.2707,0.7162,0.6106,1
0.3994,0.5102,0.8514,0.4592,0.0905,0
0.0181,0.3410,0.5141,0.5804,0.6498,0
0.1425,0.1002,0.3245,0.3104,0.8531,0
0.1539,0.5474,0.7380,0.0966,0.9947,0
0.8228,0.2046,0.4188,0.7984,0.1750,1
0.0139,0.0311,0.9703,0.4037,0.3471,0
0.2782,0.3233,0.5350,0.4821,0.1504,0
0.4341,0.1713,0.7116,0.9653,0.7619,1
0.2377,0.8345,0.7406,0.1004,0.6324,0
0.7058,0.8125,0.3611,0.2971,0.8188,1
0.0979,0.8665,0.3917,0.5917,0.0697,1
0.4205,0.3600,0.6382,0.9953,0.8970,1
0.7102,0.7506,0.3940,0.3254,0.2046,1
0.1020,0.0280,0.6041,0.8875,0.0691,0
0.1065,0.9683,0.1003,0.6764,0.2152,1
0.1713,0.5375,0.7670,0.2209,0.2646,0
0.2442,0.8032,0.3375,0.5933,0.3108,1
0.7893,0.0326,0.5986,0.6386,0.4912,1
0.4180,0.9786,0.4282,0.5041,0.9667,1
0.8913,0.5012,0.1836,0.3197,0.2393,1
0.7270,0.6848,0.8582,0.6721,0.3861,1
0.5591,0.7889,0.1961,0.7849,0.5491,1
0.9911,0.9331,0.3366,0.5823,0.2589,1
0.5355,0.6068,0.7342,0.2556,0.9246,0
0.0126,0.4361,0.6306,0.5394,0.6030,0
0.2326,0.6232,0.4876,0.2757,0.7834,0
0.8194,0.3715,0.8951,0.9689,0.2553,1
0.7704,0.2365,0.0463,0.8702,0.6547,1
0.3016,0.9529,0.0914,0.5493,0.3045,1
0.5286,0.4329,0.8918,0.4649,0.4680,0
0.5118,0.4958,0.4459,0.7484,0.9666,1
0.6015,0.8879,0.0259,0.8069,0.0848,1
0.3973,0.4916,0.8822,0.6428,0.6589,1
0.9021,0.1197,0.5173,0.5301,0.5972,1
0.7129,0.8670,0.8718,0.6433,0.7750,1
0.7972,0.1143,0.6375,0.2287,0.5635,0
0.2015,0.4923,0.4737,0.6976,0.6729,1
0.4899,0.5884,0.0318,0.6119,0.6613,1
0.3328,0.7937,0.8048,0.6415,0.7298,1
0.8308,0.0665,0.9223,0.3144,0.6261,0
0.0420,0.1087,0.6974,0.7339,0.7170,0
0.0913,0.7962,0.0371,0.7860,0.0316,1
0.6429,0.5226,0.8139,0.2548,0.2602,0
0.9150,0.3349,0.5394,0.8091,0.2216,1
0.7379,0.0279,0.1257,0.1801,0.6093,0
0.7979,0.7003,0.7168,0.9618,0.9419,1
0.4657,0.5995,0.6721,0.5574,0.3125,0
0.2938,0.2050,0.3446,0.9396,0.9425,1
0.8833,0.5563,0.2806,0.9959,0.0373,1
0.5751,0.1231,0.5713,0.5870,0.5061,1
0.8190,0.3014,0.8089,0.0829,0.9533,0
0.7778,0.7502,0.9778,0.5264,0.9889,1
0.4855,0.8542,0.9648,0.8889,0.5533,1
0.3655,0.1560,0.1382,0.6977,0.0962,1
0.5703,0.3713,0.4798,0.0327,0.7383,0
0.3739,0.6068,0.3582,0.7602,0.5343,1
0.2194,0.8047,0.1757,0.6066,0.9941,1
0.9308,0.2347,0.4806,0.3083,0.5666,0
0.3521,0.9055,0.5390,0.4142,0.9473,1
0.4594,0.5572,0.7504,0.6741,0.0871,0
0.2959,0.2524,0.8121,0.0256,0.2375,0
0.2264,0.0073,0.9994,0.6890,0.8880,0
0.7401,0.5391,0.7390,0.8234,0.9875,1
0.8877,0.3433,0.5822,0.4904,0.3463,0
0.2779,0.9545,0.4665,0.9772,0.6187,1
0.6694,0.8859,0.7318,0.4312,0.2445,1
0.4196,0.0382,0.1737,0.0545,0.0942,0
0.0656,0.2533,0.3584,0.7360,0.6021,0
0.1800,0.5612,0.9879,0.9612,0.2152,0
0.3167,0.1018,0.2818,0.6602,0.7064,0
0.1230,0.5621,0.1646,0.4227,0.9541,1
0.2109,0.1711,0.2380,0.8568,0.4743,1
0.3634,0.8066,0.5677,0.9179,0.4837,1
0.0662,0.0015,0.8332,0.5540,0.5106,0
0.6806,0.6693,0.2993,0.2123,0.1116,0
0.7589,0.3520,0.5307,0.7172,0.8591,1
0.1363,0.7080,0.6630,0.2788,0.7559,0
0.1797,0.1596,0.1107,0.7407,0.6775,0
0.3563,0.5773,0.3991,0.8525,0.3829,1
0.8233,0.5065,0.7856,0.2397,0.4916,0
0.6140,0.6986,0.9903,0.0813,0.1448,0
0.1985,0.1702,0.9670,0.0761,0.7207,0
0.5201,0.5705,0.9925,0.5061,0.4515,0
0.7552,0.9977,0.3798,0.8413,0.7927,1
0.3990,0.1525,0.7724,0.6115,0.8180,1
0.7437,0.2008,0.8893,0.1979,0.0300,0
0.7649,0.7551,0.6946,0.9175,0.3707,1
0.0692,0.3726,0.8641,0.1313,0.6113,0
0.2000,0.0744,0.0912,0.7001,0.5990,1
0.7910,0.9632,0.3703,0.5831,0.5383,1
0.5040,0.5587,0.1258,0.7842,0.7132,1
0.4193,0.9734,0.0350,0.0497,0.2976,0
0.4632,0.3496,0.9263,0.8708,0.3732,1
0.8736,0.0373,0.2555,0.4817,0.7726,1
0.9859,0.1648,0.8782,0.7561,0.9786,1
0.2115,0.1044,0.4073,0.9051,0.0309,0
0.1799,0.5377,0.4964,0.3056,0.5044,0
0.0884,0.7681,0.0918,0.4042,0.5985,0
0.6283,0.0963,0.2040,0.8519,0.9474,1
0.1451,0.2821,0.6860,0.2814,0.2268,0
0.2594,0.9962,0.4072,0.1234,0.3358,0
0.9354,0.9009,0.7329,0.0613,0.6239,1
0.9249,0.3026,0.7402,0.0513,0.7201,0
0.1710,0.1059,0.1930,0.2855,0.5300,0
0.5629,0.5870,0.0902,0.5586,0.5384,1
0.1696,0.4858,0.4028,0.9364,0.4557,1
0.7717,0.8697,0.5574,0.9761,0.7920,1
0.7941,0.0298,0.3698,0.5429,0.2313,1
0.3277,0.1799,0.6456,0.0953,0.9527,0
0.2070,0.0422,0.3112,0.8997,0.3177,1
0.6954,0.8759,0.8512,0.8713,0.8178,1
0.2326,0.0988,0.7112,0.5978,0.0495,0
0.3055,0.7746,0.3812,0.5062,0.6490,1
0.7632,0.8875,0.1508,0.8591,0.3219,1
0.9632,0.5844,0.6085,0.1284,0.9659,1
0.8690,0.5227,0.0943,0.8308,0.9755,1
0.3404,0.7188,0.8805,0.9639,0.4290,1
0.3675,0.5845,0.1550,0.5235,0.4308,1
0.6891,0.9240,0.1493,0.1325,0.2425,1
0.4968,0.9812,0.2206,0.0830,0.7052,1
0.0381,0.2400,0.2058,0.3852,0.8511,0
0.9200,0.1381,0.6414,0.3985,0.5390,1
0.0588,0.9858,0.1783,0.2194,0.9143,0
0.1727,0.1917,0.9287,0.2457,0.1119,0
0.2401,0.8408,0.9941,0.8008,0.4048,0
0.1302,0.3443,0.9250,0.8001,0.5875,1
0.0332,0.3444,0.8799,0.4725,0.5551,0
0.4099,0.8208,0.6619,0.2385,0.9512,0
0.0684,0.1484,0.3862,0.7378,0.8602,0
0.6237,0.8808,0.9039,0.6090,0.9471,1
0.4557,0.6166,0.4679,0.0328,0.4568,0
0.6820,0.0177,0.5838,0.5268,0.2060,0
0.5305,0.6804,0.3297,0.3230,0.7421,0
0.3261,0.2822,0.6504,0.9908,0.5162,1
0.3247,0.3172,0.0353,0.2347,0.5824,0
0.6726,0.0980,0.3580,0.8724,0.7226,1
0.1340,0.9770,0.3562,0.0493,0.0434,0
0.2327,0.7303,0.9243,0.8920,0.2900,1
0.0833,0.3131,0.1744,0.5175,0.8801,1
0.1034,0.2547,0.1789,0.2057,0.7002,0
0.6114,0.2321,0.5038,0.6561,0.2738,1
0.7201,0.5493,0.6582,0.0244,0.4262,0
0.0589,0.6017,0.3998,0.5638,0.7603,1
0.3816,0.1844,0.8710,0.9303,0.8085,1
0.5342,0.7774,0.1984,0.6664,0.0044,1
0.4319,0.0301,0.8485,0.7479,0.5467,0
0.9614,0.4449,0.4958,0.3160,0.9378,1
0.5942,0.7447,0.0164,0.9902,0.1160,1
0.8265,0.2014,0.5631,0.3822,0.3126,1
0.5930,0.3262,0.9301,0.0835,0.4832,0
0.7003,0.3854,0.5416,0.1974,0.3375,0
0.3390,0.7695,0.0472,0.0149,0.3833,0
0.2124,0.9919,0.2556,0.5919,0.8095,1
0.0944,0.2576,0.5820,0.4768,0.9631,0
0.8713,0.4890,0.3222,0.3609,0.8951,1
0.0977,0.3495,0.7594,0.0501,0.7708,0
0.4191,0.0444,0.7182,0.3622,0.3200,0
0.7781,0.3503,0.8234,0.3470,0.9549,1
0.4115,0.1543,0.4914,0.2679,0.6359,0
0.6527,0.6568,0.4376,0.0230,0.1873,0
0.5556,0.0895,0.9366,0.9378,0.6891,1
0.0630,0.9885,0.8230,0.4861,0.9726,0
0.4626,0.0303,0.5019,0.3646,0.6728,0
0.1861,0.8201,0.6424,0.5503,0.3415,1
0.6612,0.0978,0.9272,0.5657,0.4800,0
0.9566,0.2922,0.8159,0.0113,0.7884,0
0.7899,0.5112,0.7094,0.2093,0.8272,0
0.9976,0.4808,0.2145,0.7044,0.4663,1
0.5872,0.7980,0.4575,0.4643,0.2206,1
0.4394,0.0374,0.8119,0.3362,0.1628,0
0.1324,0.4628,0.6812,0.6534,0.7805,0
0.0375,0.5600,0.0413,0.3834,0.1216,0
0.2689,0.2905,0.1531,0.5536,0.9700,1
0.2839,0.2292,0.0318,0.9746,0.0866,1
0.7751,0.1078,0.0742,0.7611,0.0567,1
0.5500,0.1719,0.2646,0.3536,0.3798,0
0.3316,0.9689,0.9644,0.3156,0.9400,0
0.1207,0.4707,0.7494,0.7422,0.6674,0
0.3770,0.0122,0.2068,0.4161,0.6875,0
0.2732,0.9087,0.1113,0.9989,0.0623,1
0.0355,0.8878,0.9948,0.3573,0.4596,0
0.3274,0.6920,0.3233,0.7089,0.5297,1
0.1417,0.1332,0.9552,0.9698,0.7775,0
0.2970,0.5400,0.7263,0.9834,0.7913,1
0.2936,0.4960,0.5284,0.6150,0.2810,1
0.5769,0.1921,0.8791,0.3116,0.3171,0
0.9256,0.8872,0.0823,0.6406,0.5238,1
0.4327,0.1133,0.2707,0.5522,0.3897,1
0.8265,0.7688,0.5820,0.4380,0.6421,1
0.0478,0.6425,0.5554,0.1141,0.5007,0
0.6597,0.5603,0.3713,0.4077,0.1781,1
0.2582,0.8509,0.4431,0.1645,0.4502,0
0.4788,0.4137,0.0671,0.7658,0.4021,1
0.8552,0.7070,0.6362,0.3241,0.5685,1
0.4291,0.7343,0.4450,0.8222,0.3221,1
0.2860,0.8587,0.7696,0.3659,0.7543,0
0.2876,0.5162,0.1370,0.1535,0.1261,0
0.3635,0.2101,0.0446,0.4803,0.9486,1
0.9971,0.8320,0.6023,0.4502,0.3034,1
0.7481,0.3409,0.7410,0.6992,0.9597,1
0.0723,0.1915,0.6915,0.6054,0.2719,0
0.0120,0.0229,0.1350,0.9648,0.9001,1
0.7458,0.9908,0.6163,0.1024,0.8170,0
0.6833,0.3316,0.1191,0.5052,0.0382,1
0.4594,0.9095,0.7587,0.4533,0.2279,0
0.8778,0.5135,0.5396,0.3344,0.7677,1
0.8953,0.3005,0.4397,0.8478,0.0759,1
0.1295,0.2341,0.0017,0.3295,0.1405,0
0.5867,0.1888,0.6614,0.0679,0.8496,0
0.1735,0.0391,0.2173,0.2703,0.2970,0
0.1121,0.6021,0.9910,0.3843,0.8630,0
0.2781,0.1976,0.8357,0.3163,0.0398,0
0.7753,0.6498,0.8464,0.4498,0.5234,1
0.1901,0.6360,0.2551,0.7936,0.0789,1
0.9449,0.9629,0.4258,0.8755,0.2032,1
0.0967,0.4127,0.4843,0.7308,0.1537,1
0.5258,0.9347,0.3663,0.4597,0.5964,1
0.0367,0.2143,0.9654,0.4926,0.5543,0
0.6969,0.9307,0.4594,0.5261,0.1279,1
0.0630,0.5747,0.8144,0.5641,0.9656,0
0.5453,0.6537,0.1950,0.2738,0.3019,1
0.3956,0.6925,0.6676,0.5219,0.1950,1
0.8738,0.0639,0.8216,0.0191,0.6453,0
0.3008,0.3531,0.7113,0.1690,0.3933,0
0.5405,0.1373,0.8423,0.5617,0.1299,0
0.9207,0.5426,0.9797,0.3775,0.2493,0
0.5496,0.0052,0.0165,0.1777,0.9327,0
0.8670,0.0711,0.8305,0.2489,0.5802,0
0.0265,0.0128,0.5758,0.6552,0.3249,0
0.4382,0.9886,0.6891,0.8078,0.4451,1
0.8742,0.7640,0.3102,0.2137,0.7751,1
0.9702,0.2753,0.6285,0.2600,0.5980,1
0.0391,0.6026,0.4218,0.8654,0.1883,1
0.3363,0.8235,0.8339,0.1950,0.3432,0
0.0767,0.9295,0.0285,0.6197,0.1509,1
0.0473,0.7437,0.7427,0.6304,0.7900,1
0.6070,0.1287,0.8988,0.1039,0.3986,0
0.8191,0.6706,0.9293,0.3536,0.3089,0
0.1079,0.1010,0.4017,0.0046,0.6818,0
0.9868,0.0982,0.3441,0.9133,0.6207,1
0.6762,0.9632,0.3966,0.0394,0.7130,1
0.0248,0.7703,0.1068,0.7747,0.5114,1
0.4940,0.0061,0.9138,0.7162,0.3138,0
0.9414,0.1819,0.8755,0.8325,0.7375,1
0.7043,0.2176,0.7464,0.8829,0.8759,1
0.3482,0.6646,0.4210,0.2434,0.4058,0
0.3934,0.4652,0.3278,0.6345,0.1504,1
0.3676,0.9224,0.9129,0.9727,0.7901,1
0.7524,0.6814,0.0120,0.7379,0.6743,1
0.4776,0.4742,0.6101,0.2332,0.9679,1
0.3447,0.2422,0.1975,0.4053,0.8830,0
0.9983,0.4714,0.2352,0.3717,0.5166,1
0.4147,0.0094,0.4929,0.1295,0.8973,0
0.3877,0.7340,0.7795,0.3635,0.3406,0
0.2939,0.5766,0.1660,0.0061,0.9104,0
0.2738,0.6445,0.5010,0.8119,0.4979,1
0.9339,0.6105,0.2098,0.5799,0.8282,1
0.3751,0.9878,0.7551,0.8785,0.4421,1
0.8272,0.7451,0.3003,0.0046,0.0609,0
0.6713,0.9560,0.0563,0.5000,0.7020,1
0.5097,0.3205,0.5980,0.7281,0.9003,1
0.1391,0.6522,0.3620,0.6648,0.2408,0
0.2472,0.1464,0.1237,0.8368,0.8518,1
0.1291,0.2151,0.3345,0.1632,0.9582,0
0.1568,0.1835,0.1734,0.6393,0.8928,1
0.4778,0.3193,0.1527,0.0063,0.5575,0
0.8046,0.4504,0.5126,0.6676,0.1809,1
0.7397,0.8483,0.5804,0.5090,0.1856,1
0.2505,0.4095,0.9302,0.7039,0.7681,0
0.7156,0.6677,0.9191,0.8933,0.1962,1
0.2863,0.9117,0.7755,0.3948,0.9783,0
0.7485,0.4290,0.6665,0.2957,0.8532,1
0.3695,0.8430,0.2275,0.8863,0.3937,1
0.4868,0.7017,0.8762,0.2153,0.7608,0
0.3424,0.3750,0.2810,0.0924,0.6941,0
0.0805,0.7796,0.5103,0.4842,0.4300,1
0.0031,0.2446,0.5835,0.8335,0.8465,0
0.1538,0.1595,0.6175,0.7558,0.8134,0
0.8777,0.1402,0.5986,0.5109,0.8924,1
0.1296,0.7220,0.5973,0.0524,0.9487,0
0.5475,0.8644,0.5504,0.8632,0.0987,1
0.3866,0.2368,0.2821,0.5984,0.0555,1
